Workbook

Sheet Case
A2: TABELA 1
C4: Categoria | D4: Publico Aderente | E4: Peso Médio [g] | F4: Preço Médio | G4: Share de Vendas Todas as Praças | H4: Unidades Médias por Pedido | I4: TM por Cat | J4: Custo produção/ UND
C5: Arroz e Feijão | D5: E D C2 | E5: 300 | F5: 11 | G5: 0.4 | H5: 8 | I5: =H5*F5 -> 88 | J5: 2.5
C6: Fitness | D6: D C | E6: 350 | F6: 15 | G6: 0.4 | H6: 8 | I6: =H6*F6 -> 120 | J6: 7
C7: Especiais | D7: B2 B1 A | E7: 300 | F7: 22 | G7: 0.2 | H7: 4 | I7: =H7*F7 -> 88 | J7: 12
C9: Valores Totais | D9: - | E9: =SUMPRODUCT(E5:E7,$G$5:$G$7) -> 320 | F9: =SUMPRODUCT(F5:F7,$G$5:$G$7) -> 14.8 | G9: =SUM(G5:G8) -> 1 | H9: =SUM(H5:H8) -> 20 | I9: =SUM(I5:I8) -> 296 | J9: =SUMPRODUCT(J5:J7,$G$5:$G$7) -> 6.2
A11: TABELA 2
B13: Município | C13: E | D13: D | E13: C2 | F13: C1 | G13: B2 | H13: B1 | I13: A | J13: Total | K13: Custo de Entrega - Por venda | L13: Custo de Marketing - Por Venda
B14: Cidade Z | C14: 11202 | D14: 49283 | E14: 118458 | F14: 95088 | G14: 28795 | H14: 9930 | I14: 4466 | J14: 317222 | K14: 10 | L14: 50
B15: Cidade X | C15: 20993 | D15: 91078 | E15: 111801 | F15: 72920 | G15: 28937 | H15: 12333 | I15: 5036 | J15: 343098 | K15: 7 | L15: 35
B16: Cidade Y | C16: 24914 | D16: 87807 | E16: 125282 | F16: 91960 | G16: 38711 | H16: 14935 | I16: 6997 | J16: 390606 | K16: 15 | L16: 40
B17: Cidade W | C17: 19558 | D17: 70687 | E17: 140643 | F17: 113634 | G17: 43999 | H17: 18353 | I17: 8848 | J17: 415722 | K17: 7.5 | L17: 50
B18: Cidade G | C18: 36051 | D18: 123909 | E18: 193769 | F18: 126914 | G18: 50140 | H18: 19027 | I18: 8971 | J18: 558781 | K18: 40 | L18: 20
B19: Cidade F | C19: 74372 | D19: 185084 | E19: 150608 | F19: 90971 | G19: 38836 | H19: 16487 | I19: 8307 | J19: 564665 | K19: 25 | L19: 50
A21: TABELA 3
B23: Classe | C23: E | D23: D | E23: C2 | F23: C1 | G23: B2 | H23: B1 | I23: A
B24: Inserção | C24: 0.01 | D24: 0.02 | E24: 0.07 | F24: 0.09 | G24: 0.1 | H24: 0.12 | I24: 0.25

Sheet Tabela 1
A1: Categoria | B1: Publico Aderente | C1: Peso Médio [g] | D1: Preço Médio | E1: Share de Vendas Todas as Praças | F1: Unidades Médias por Pedido | G1: TM por Cat | H1: Custo produção/ UND
A2: Arroz e Feijão | B2: E D C2 | C2: 300 | D2: 11 | E2: 0.4 | F2: 8 | G2: =F2*D2 -> 88 | H2: 2.5
A3: Fitness | B3: D C | C3: 350 | D3: 15 | E3: 0.4 | F3: 8 | G3: =F3*D3 -> 120 | H3: 7
A4: Especiais | B4: B2 B1 A | C4: 300 | D4: 22 | E4: 0.2 | F4: 4 | G4: =F4*D4 -> 88 | H4: 12
A6: Valores Totais | B6: - | C6: =SUMPRODUCT(C2:C4,$G$5:$G$7) -> 103600 | D6: =SUMPRODUCT(D2:D4,$G$5:$G$7) -> 4440 | E6: =SUM(E2:E5) -> 1 | F6: =SUM(F2:F5) -> 20 | G6: =SUM(G2:G5) -> 296 | H6: =SUMPRODUCT(H2:H4,$G$5:$G$7) -> 2072

Sheet Tabela 2
A1: Município | B1: E | C1: D | D1: C2 | E1: C1 | F1: B2 | G1: B1 | H1: A | I1: Total | J1: Custo de Entrega - Por venda | K1: Custo de Marketing - Por Venda
A2: Cidade Z | B2: 11202 | C2: 49283 | D2: 118458 | E2: 95088 | F2: 28795 | G2: 9930 | H2: 4466 | I2: 317222 | J2: 10 | K2: 50
A3: Cidade X | B3: 20993 | C3: 91078 | D3: 111801 | E3: 72920 | F3: 28937 | G3: 12333 | H3: 5036 | I3: 343098 | J3: 7 | K3: 35
A4: Cidade Y | B4: 24914 | C4: 87807 | D4: 125282 | E4: 91960 | F4: 38711 | G4: 14935 | H4: 6997 | I4: 390606 | J4: 15 | K4: 40
A5: Cidade W | B5: 19558 | C5: 70687 | D5: 140643 | E5: 113634 | F5: 43999 | G5: 18353 | H5: 8848 | I5: 415722 | J5: 7.5 | K5: 50
A6: Cidade G | B6: 36051 | C6: 123909 | D6: 193769 | E6: 126914 | F6: 50140 | G6: 19027 | H6: 8971 | I6: 558781 | J6: 40 | K6: 20
A7: Cidade F | B7: 74372 | C7: 185084 | D7: 150608 | E7: 90971 | F7: 38836 | G7: 16487 | H7: 8307 | I7: 564665 | J7: 25 | K7: 50

Sheet Tabela 3
A1: Classe | B1: E | C1: D | D1: C2 | E1: C1 | F1: B2 | G1: B1 | H1: A
A2: Inserção | B2: 0.01 | C2: 0.02 | D2: 0.07 | E2: 0.09 | F2: 0.1 | G2: 0.12 | H2: 0.25

Sheet Auxiliar
B2: Categoria | C2: Publico | D2: Peso Médio [g] | E2: Preço Médio Venda UND | F2: Share de Vendas Todas as Praças | G2: Unidades Médias | H2: TM por Cat | I2: Custo produção/ UND | N2: Unidades Média Por Carrinho
A3: 0 | B3: =Case!C5 -> Arroz e Feijão | C3: =Case!D5 -> E D C2 | D3: =Case!E5 -> 300 | E3: =Case!F5 -> 11 | F3: =Case!G5 -> 0.4 | G3: =Case!H5 -> 8 | H3: =Case!I5 -> 88 | I3: =Case!J5 -> 2.5 | N3: 20 | O3: =N3*E7 -> 296
A4: 1 | B4: =Case!C6 -> Fitness | C4: =Case!D6 -> D C | D4: =Case!E6 -> 350 | E4: =Case!F6 -> 15 | F4: =Case!G6 -> 0.4 | G4: =Case!H6 -> 8 | H4: =Case!I6 -> 120 | I4: =Case!J6 -> 7
A5: 2 | B5: =Case!C7 -> Especiais | C5: =Case!D7 -> B2 B1 A | D5: =Case!E7 -> 300 | E5: =Case!F7 -> 22 | F5: =Case!G7 -> 0.2 | G5: =Case!H7 -> 4 | H5: =Case!I7 -> 88 | I5: =Case!J7 -> 12
D7: =SUMPRODUCT(D3:D5,$F$3:$F$5)/1000 -> 0.32 | E7: =SUMPRODUCT(E3:E5,$F$3:$F$5) -> 14.8
B8: Estimativa Para uma Cidade
B9: Categorias | C9: Preço Médio | D9: Share de Vendas | E9: Unidades Médias | F9: TM por Cat | G9: Custo produção/ UND | H9: Custo produção geral | I9: TM Final
B10: Arroz e Feijão | C10: =SUMIFS($E$3:$E$5,$B$3:$B$5,B10) -> 11 | D10: =IFERROR(__xludf.DUMMYFUNCTION("SUMIFS($F$3:$F$5,$B$3:$B$5,B10)/SUMIFS($F$3:$F$5,arrayformula(regexmatch($B$3:$B$5,$B$10&""|""&$B$11)),TRUE)"),0.6666666666666666) -> 0.66666667 | E10: =$N$3*D10 -> 13.333333 | F10: =E10*C10 -> 146.66667 | G10: =SUMIFS($I$3:$I$5,$B$3:$B$5,B10) -> 2.5 | H10: =G10*E10 -> 33.333333 | I10: =F10-H10 -> 113.33333
B11: Especiais | C11: =SUMIFS($E$3:$E$5,$B$3:$B$5,B11) -> 22 | D11: =IFERROR(__xludf.DUMMYFUNCTION("SUMIFS($F$3:$F$5,$B$3:$B$5,B11)/SUMIFS($F$3:$F$5,arrayformula(regexmatch($B$3:$B$5,$B$10&""|""&$B$11)),TRUE)"),0.3333333333333333) -> 0.33333333 | E11: =$N$3*D11 -> 6.6666667 | F11: =E11*C11 -> 146.66667 | G11: =SUMIFS($I$3:$I$5,$B$3:$B$5,B11) -> 12 | H11: =G11*E11 -> 80 | I11: =F11-H11 -> 66.666667
A13: Passo | F13: =SUM(F10:F12) -> 293.33333
A14: 0.05
G16: =IFERROR(__xludf.DUMMYFUNCTION("SUMIFS($F$3:$F$5,$B$3:$B$5,'Cidade Z'!G$1)/SUMIFS($F$3:$F$5,arrayformula(regexmatch($B$3:$B$5,'Cidade Z'!G$1&""|""&'Cidade Z'!H$1)),TRUE)*$N$3*(SUMIFS($E$3:$E$5,$B$3:$B$5,'Cidade Z'!G$1)-SUMIFS($I$3:$I$5,$B$3:$B$5,'Cidade Z'!G$1))"),"#DIV/0!") -> #DIV/0! | H16: =IFERROR(__xludf.DUMMYFUNCTION("SUMIFS($F$3:$F$5,$B$3:$B$5,'Cidade Z'!H$1)/SUMIFS($F$3:$F$5,arrayformula(regexmatch($B$3:$B$5,'Cidade Z'!G$1&""|""&'Cidade Z'!H$1)),TRUE)*$N$3*(SUMIFS($E$3:$E$5,$B$3:$B$5,'Cidade Z'!H$1)-SUMIFS($I$3:$I$5,$B$3:$B$5,'Cidade Z'!H$1))"),"#DIV/0!") -> #DIV/0! | M16: =IFERROR(__xludf.DUMMYFUNCTION("SUMIFS($F$3:$F$5,$B$3:$B$5,'Cidade Z'!M$1)/SUMIFS($F$3:$F$5,arrayformula(regexmatch($B$3:$B$5,'Cidade Z'!M$1&""|""&'Cidade Z'!N$1)),TRUE)*$N$3*(SUMIFS($E$3:$E$5,$B$3:$B$5,'Cidade Z'!M$1)-SUMIFS($I$3:$I$5,$B$3:$B$5,'Cidade Z'!M$1))"),"#DIV/0!") -> #DIV/0! | N16: =IFERROR(__xludf.DUMMYFUNCTION("SUMIFS($F$3:$F$5,$B$3:$B$5,'Cidade Z'!N$1)/SUMIFS($F$3:$F$5,arrayformula(regexmatch($B$3:$B$5,'Cidade Z'!M$1&""|""&'Cidade Z'!N$1)),TRUE)*$N$3*(SUMIFS($E$3:$E$5,$B$3:$B$5,'Cidade Z'!N$1)-SUMIFS($I$3:$I$5,$B$3:$B$5,'Cidade Z'!N$1))"),"#DIV/0!") -> #DIV/0! | S16: =IFERROR(__xludf.DUMMYFUNCTION("SUMIFS($F$3:$F$5,$B$3:$B$5,'Cidade Z'!S$1)/SUMIFS($F$3:$F$5,arrayformula(regexmatch($B$3:$B$5,'Cidade Z'!S$1&""|""&'Cidade Z'!T$1)),TRUE)*$N$3*(SUMIFS($E$3:$E$5,$B$3:$B$5,'Cidade Z'!S$1)-SUMIFS($I$3:$I$5,$B$3:$B$5,'Cidade Z'!S$1))"),"#DIV/0!") -> #DIV/0! | T16: =IFERROR(__xludf.DUMMYFUNCTION("SUMIFS($F$3:$F$5,$B$3:$B$5,'Cidade Z'!T$1)/SUMIFS($F$3:$F$5,arrayformula(regexmatch($B$3:$B$5,'Cidade Z'!S$1&""|""&'Cidade Z'!T$1)),TRUE)*$N$3*(SUMIFS($E$3:$E$5,$B$3:$B$5,'Cidade Z'!T$1)-SUMIFS($I$3:$I$5,$B$3:$B$5,'Cidade Z'!T$1))"),"#DIV/0!") -> #DIV/0! | Y16: =-SUMIFS('Dados Cidades'!$K$6:$K$11,'Dados Cidades'!$B$6:$B$11,'Cidade Z'!F2) -> 0 | Z16: =-SUMIFS('Dados Cidades'!$L$6:$L$11,'Dados Cidades'!$B$6:$B$11,'Cidade Z'!F2) -> 0
C17: Clientes por Categoria
Y39: =-SUMIFS('Dados Cidades'!$K$6:$K$11,'Dados Cidades'!$B$6:$B$11,'Cidade Y'!F2) -> 0 | Z39: =-SUMIFS('Dados Cidades'!$L$6:$L$11,'Dados Cidades'!$B$6:$B$11,'Cidade Y'!F2) -> 0
O60: =SUM(M60:N60) -> 0 | U60: =SUM(S60:T60) -> 0 | Y60: =-SUMIFS('Dados Cidades'!$K$6:$K$11,'Dados Cidades'!$B$6:$B$11,'Cidade X'!F2) -> 0 | Z60: =-SUMIFS('Dados Cidades'!$L$6:$L$11,'Dados Cidades'!$B$6:$B$11,'Cidade X'!F2) -> 0
O81: =SUM(M81:N81) -> 0 | U81: =SUM(S81:T81) -> 0 | Y81: =-SUMIFS('Dados Cidades'!$K$6:$K$11,'Dados Cidades'!$B$6:$B$11,'Cidade W'!F2) -> 0 | Z81: =-SUMIFS('Dados Cidades'!$L$6:$L$11,'Dados Cidades'!$B$6:$B$11,'Cidade W'!F2) -> 0
O102: =SUM(M102:N102) -> 0 | U102: =SUM(S102:T102) -> 0 | Y102: =-SUMIFS('Dados Cidades'!$K$6:$K$11,'Dados Cidades'!$B$6:$B$11,'Cidade G'!F2) -> 0 | Z102: =-SUMIFS('Dados Cidades'!$L$6:$L$11,'Dados Cidades'!$B$6:$B$11,'Cidade G'!F2) -> 0
O123: =SUM(M123:N123) -> 0 | U123: =SUM(S123:T123) -> 0 | Y123: =-SUMIFS('Dados Cidades'!$K$6:$K$11,'Dados Cidades'!$B$6:$B$11,'Cidade F'!F2) -> 0 | Z123: =-SUMIFS('Dados Cidades'!$L$6:$L$11,'Dados Cidades'!$B$6:$B$11,'Cidade F'!F2) -> 0

Sheet Dados Cidades
C2: 1
B5: Município | C5: E | D5: D | E5: C2 | F5: C1 | G5: B2 | H5: B1 | I5: A | J5: Total | K5: Custo de Entrega - Por venda | L5: Custo de Marketing - Por Venda
A6: 0 | B6: Cidade Z | C6: =Case!C14 -> 11202 | D6: =Case!D14 -> 49283 | E6: =Case!E14 -> 118458 | F6: =Case!F14 -> 95088 | G6: =Case!G14 -> 28795 | H6: =Case!H14 -> 9930 | I6: =Case!I14 -> 4466 | J6: =Case!J14 -> 317222 | ... L6: =Case!L14 -> 50 | M6: =L6/2 -> 25
A7: 1 | B7: Cidade X | C7: =Case!C15 -> 20993 | D7: =Case!D15 -> 91078 | E7: =Case!E15 -> 111801 | F7: =Case!F15 -> 72920 | G7: =Case!G15 -> 28937 | H7: =Case!H15 -> 12333 | I7: =Case!I15 -> 5036 | J7: =Case!J15 -> 343098 | ... L7: =Case!L15 -> 35 | M7: =L7/2 -> 17.5
A8: 2 | B8: Cidade Y | C8: =Case!C16 -> 24914 | D8: =Case!D16 -> 87807 | E8: =Case!E16 -> 125282 | F8: =Case!F16 -> 91960 | G8: =Case!G16 -> 38711 | H8: =Case!H16 -> 14935 | I8: =Case!I16 -> 6997 | J8: =Case!J16 -> 390606 | ... L8: =Case!L16 -> 40 | M8: =L8/2 -> 20
A9: 3 | B9: Cidade W | C9: =Case!C17 -> 19558 | D9: =Case!D17 -> 70687 | E9: =Case!E17 -> 140643 | F9: =Case!F17 -> 113634 | G9: =Case!G17 -> 43999 | H9: =Case!H17 -> 18353 | I9: =Case!I17 -> 8848 | J9: =Case!J17 -> 415722 | ... L9: =Case!L17 -> 50 | M9: =L9/2 -> 25
A10: 4 | B10: Cidade G | C10: =Case!C18 -> 36051 | D10: =Case!D18 -> 123909 | E10: =Case!E18 -> 193769 | F10: =Case!F18 -> 126914 | G10: =Case!G18 -> 50140 | H10: =Case!H18 -> 19027 | I10: =Case!I18 -> 8971 | J10: =Case!J18 -> 558781 | ... L10: =Case!L18 -> 20 | M10: =L10/2 -> 10
A11: 5 | B11: Cidade F | C11: =Case!C19 -> 74372 | D11: =Case!D19 -> 185084 | E11: =Case!E19 -> 150608 | F11: =Case!F19 -> 90971 | G11: =Case!G19 -> 38836 | H11: =Case!H19 -> 16487 | I11: =Case!I19 -> 8307 | J11: =Case!J19 -> 564665 | ... L11: =Case!L19 -> 50 | M11: =L11/2 -> 25
B13: Inserção | C13: =Case!C24 -> 0.01 | D13: =Case!D24 -> 0.02 | E13: =Case!E24 -> 0.07 | F13: =Case!F24 -> 0.09 | G13: =Case!G24 -> 0.1 | H13: =Case!H24 -> 0.12 | I13: =Case!I24 -> 0.25
B15: Potencial Real | C15: =C6*C$13 -> 112.02 | D15: =D6*D$13 -> 985.66 | E15: =E6*E$13 -> 8292.06 | F15: =F6*F$13 -> 8557.92 | G15: =G6*G$13 -> 2879.5 | H15: =H6*H$13 -> 1191.6 | I15: =I6*I$13 -> 1116.5 | J15: =SUM(C15:I15) -> 23135.26
C16: =C7*C$13 -> 209.93 | D16: =D7*D$13 -> 1821.56 | E16: =E7*E$13 -> 7826.07 | F16: =F7*F$13 -> 6562.8 | G16: =G7*G$13 -> 2893.7 | H16: =H7*H$13 -> 1479.96 | I16: =I7*I$13 -> 1259 | J16: =SUM(C16:I16) -> 22053.02
C17: =C8*C$13 -> 249.14 | D17: =D8*D$13 -> 1756.14 | E17: =E8*E$13 -> 8769.74 | F17: =F8*F$13 -> 8276.4 | G17: =G8*G$13 -> 3871.1 | H17: =H8*H$13 -> 1792.2 | I17: =I8*I$13 -> 1749.25 | J17: =SUM(C17:I17) -> 26463.97
C18: =C9*C$13 -> 195.58 | D18: =D9*D$13 -> 1413.74 | E18: =E9*E$13 -> 9845.01 | F18: =F9*F$13 -> 10227.06 | G18: =G9*G$13 -> 4399.9 | H18: =H9*H$13 -> 2202.36 | I18: =I9*I$13 -> 2212 | J18: =SUM(C18:I18) -> 30495.65
C19: =C10*C$13 -> 360.51 | D19: =D10*D$13 -> 2478.18 | E19: =E10*E$13 -> 13563.83 | F19: =F10*F$13 -> 11422.26 | G19: =G10*G$13 -> 5014 | H19: =H10*H$13 -> 2283.24 | I19: =I10*I$13 -> 2242.75 | J19: =SUM(C19:I19) -> 37364.77
C20: =C11*C$13 -> 743.72 | D20: =D11*D$13 -> 3701.68 | E20: =E11*E$13 -> 10542.56 | F20: =F11*F$13 -> 8187.39 | G20: =G11*G$13 -> 3883.6 | H20: =H11*H$13 -> 1978.44 | I20: =I11*I$13 -> 2076.75 | J20: =SUM(C20:I20) -> 31114.14
